"image","xmin","ymin","xmax","ymax","label"
"pic_0100.jpg",59.61038961038961,84.62337662337661,169.94805194805195,203.37662337662337,"Face"